<?xml version="1.0" encoding="UTF-8"?>
<appInfo>
    <packageName>com.example.myapp</packageName>
    <appName>MyApp</appName>
    <versionName>1.0.0</versionName>
    <versionCode>1</versionCode>
    <isVerified>true</isVerified>
    <networkRequired>true</networkRequired>
    <minSdkVersion>21</minSdkVersion>
    <targetSdkVersion>33</targetSdkVersion>
    <permissions>
        <permission>android.permission.INTERNET</permission>
        <permission>android.permission.ACCESS_NETWORK_STATE</permission>
        <permission>android.permission.CAMERA</permission>
    </permissions>
    <features>
        <feature>Camera</feature>
        <feature>GPS</feature>
    </features>
    <developer>
        <name>John Doe</name>
        <email>developer@example.com</email>
        <website>https://example.com</website>
    </developer>
    <size>25MB</size>
    <lastUpdated>2025-03-29</lastUpdated>
</appInfo>
